atakhanDiff,win_rate,num_samples,std_win
-1.0,0.28540502243564514,25406,0.45161601334748164
0.0,0.5129196840026333,85064,0.49983599190248373
1.0,0.7256724116756048,24427,0.4461839448154538
