elderDiff,win_rate,num_samples,std_win
-1.0,0.35092348284960423,379,0.47788991886512644
0.0,0.5087342433057358,134070,0.49992557159673284
1.0,0.6155844155844156,385,0.48708982077897445
