heraldDiff,win_rate,num_samples,std_win
-1.0,0.3656624654165386,39036,0.48162160353649514
0.0,0.5158980479072542,46924,0.4997525133142268
1.0,0.6156078223021436,48937,0.486456233407193
